github.com/RyuaNerin/go-krypto,https://github.com/RyuaNerin/go-krypto/blob/v1.3.0/LICENSE,MIT
github.com/Yawning/aez,https://github.com/Yawning/aez/blob/e49e68abd344/LICENSE,CC0-1.0
github.com/andybalholm/brotli,https://github.com/andybalholm/brotli/blob/v1.2.2/LICENSE,MIT
github.com/andybalholm/brotli/flate,https://github.com/andybalholm/brotli/blob/v1.2.2/flate/LICENSE,BSD-3-Clause
github.com/aymanbagabas/go-osc52/v2,https://github.com/aymanbagabas/go-osc52/blob/v2.0.1/LICENSE,MIT
github.com/bahlo/generic-list-go,https://github.com/bahlo/generic-list-go/blob/v0.2.0/LICENSE,BSD-3-Clause
github.com/cespare/xxhash/v2,https://github.com/cespare/xxhash/blob/v2.3.0/LICENSE.txt,MIT
github.com/charmbracelet/colorprofile,https://github.com/charmbracelet/colorprofile/blob/v0.4.3/LICENSE,MIT
github.com/charmbracelet/lipgloss,https://github.com/charmbracelet/lipgloss/blob/v1.1.0/LICENSE,MIT
github.com/charmbracelet/log,https://github.com/charmbracelet/log/blob/v1.0.0/LICENSE,MIT
github.com/charmbracelet/x/ansi,https://github.com/charmbracelet/x/blob/ansi/v0.11.7/ansi/LICENSE,MIT
github.com/charmbracelet/x/cellbuf,https://github.com/charmbracelet/x/blob/cellbuf/v0.0.15/cellbuf/LICENSE,MIT
github.com/charmbracelet/x/term,https://github.com/charmbracelet/x/blob/term/v0.2.2/term/LICENSE,MIT
github.com/clipperhouse/displaywidth,https://github.com/clipperhouse/displaywidth/blob/v0.11.0/LICENSE,MIT
github.com/clipperhouse/uax29/v2/graphemes,https://github.com/clipperhouse/uax29/blob/v2.7.0/LICENSE,MIT
github.com/coreos/go-iptables/iptables,https://github.com/coreos/go-iptables/blob/v0.8.0/LICENSE,Apache-2.0
github.com/dunglas/httpsfv,https://github.com/dunglas/httpsfv/blob/v1.1.0/LICENSE,BSD-3-Clause
github.com/dustin/go-humanize,https://github.com/dustin/go-humanize/blob/v1.0.1/LICENSE,MIT
github.com/enfein/mieru/v3,https://github.com/enfein/mieru/blob/v3.35.0/LICENSE,GPL-3.0
github.com/enfein/mieru/v3/pkg/log,https://github.com/enfein/mieru/blob/v3.35.0/pkg/log/LICENSE,MIT
github.com/enfein/mieru/v3/pkg/socks5,https://github.com/enfein/mieru/blob/v3.35.0/pkg/socks5/LICENSE,MIT
github.com/enfein/mieru/v3/pkg/socks5,https://github.com/enfein/mieru/blob/v3.35.0/pkg/socks5/LICENSE,BSD-2-Clause
github.com/ericlagergren/aegis,https://github.com/ericlagergren/aegis/blob/cd0defd64358/LICENSE,BSD-2-Clause
github.com/ericlagergren/polyval,https://github.com/ericlagergren/polyval/blob/18692a1b76f9/LICENSE,BSD-2-Clause
github.com/ericlagergren/siv,https://github.com/ericlagergren/siv/blob/0b757b3aa5f1/LICENSE,BSD-3-Clause
github.com/ericlagergren/subtle,https://github.com/ericlagergren/subtle/blob/890d697da010/LICENSE,BSD-3-Clause
github.com/fsnotify/fsnotify,https://github.com/fsnotify/fsnotify/blob/v1.10.1/LICENSE,BSD-3-Clause
github.com/gabriel-vasile/mimetype,https://github.com/gabriel-vasile/mimetype/blob/v1.4.13/LICENSE,MIT
github.com/gaukas/godicttls,https://github.com/gaukas/godicttls/blob/v0.0.4/LICENSE,BSD-3-Clause
github.com/gin-contrib/cors,https://github.com/gin-contrib/cors/blob/v1.7.7/LICENSE,MIT
github.com/gin-contrib/sse,https://github.com/gin-contrib/sse/blob/v1.1.1/LICENSE,MIT
github.com/gin-gonic/gin,https://github.com/gin-gonic/gin/blob/v1.12.0/LICENSE,MIT
github.com/glebarez/go-sqlite,https://github.com/glebarez/go-sqlite/blob/v1.22.0/LICENSE,BSD-3-Clause
github.com/glebarez/sqlite,https://github.com/glebarez/sqlite/blob/v1.11.0/License,MIT
github.com/go-logfmt/logfmt,https://github.com/go-logfmt/logfmt/blob/v0.6.1/LICENSE,MIT
github.com/go-playground/locales,https://github.com/go-playground/locales/blob/v0.14.1/LICENSE,MIT
github.com/go-playground/universal-translator,https://github.com/go-playground/universal-translator/blob/v0.18.1/LICENSE,MIT
github.com/go-playground/validator/v10,https://github.com/go-playground/validator/blob/v10.30.3/LICENSE,MIT
github.com/go-viper/mapstructure/v2,https://github.com/go-viper/mapstructure/blob/v2.5.0/LICENSE,MIT
github.com/gobwas/httphead,https://github.com/gobwas/httphead/blob/v0.1.0/LICENSE,MIT
github.com/gobwas/pool,https://github.com/gobwas/pool/blob/v0.2.1/LICENSE,MIT
github.com/gobwas/ws,https://github.com/gobwas/ws/blob/v1.4.0/LICENSE,MIT
github.com/goccy/go-yaml,https://github.com/goccy/go-yaml/blob/v1.19.2/LICENSE,MIT
github.com/gofrs/uuid/v5,https://github.com/gofrs/uuid/blob/v5.4.0/LICENSE,MIT
github.com/golang/snappy,https://github.com/golang/snappy/blob/v1.0.0/LICENSE,BSD-3-Clause
github.com/google/btree,https://github.com/google/btree/blob/v1.1.3/LICENSE,Apache-2.0
github.com/google/uuid,https://github.com/google/uuid/blob/v1.6.0/LICENSE,BSD-3-Clause
github.com/insomniacslk/dhcp,https://github.com/insomniacslk/dhcp/blob/c76316d4aa82/LICENSE,BSD-3-Clause
github.com/jinzhu/inflection,https://github.com/jinzhu/inflection/blob/v1.0.0/LICENSE,MIT
github.com/jinzhu/now,https://github.com/jinzhu/now/blob/v1.1.5/License,MIT
github.com/json-iterator/go,https://github.com/json-iterator/go/blob/v1.1.12/LICENSE,MIT
github.com/klauspost/compress,https://github.com/klauspost/compress/blob/v1.19.1/LICENSE,MIT
github.com/klauspost/compress,https://github.com/klauspost/compress/blob/v1.19.1/LICENSE,Apache-2.0
github.com/klauspost/compress,https://github.com/klauspost/compress/blob/v1.19.1/LICENSE,BSD-3-Clause
github.com/klauspost/compress/internal/snapref,https://github.com/klauspost/compress/blob/v1.19.1/internal/snapref/LICENSE,BSD-3-Clause
github.com/klauspost/compress/zstd/internal/xxhash,https://github.com/klauspost/compress/blob/v1.19.1/zstd/internal/xxhash/LICENSE.txt,MIT
github.com/klauspost/cpuid/v2,https://github.com/klauspost/cpuid/blob/v2.4.0/LICENSE,MIT
github.com/klauspost/reedsolomon,https://github.com/klauspost/reedsolomon/blob/v1.14.1/LICENSE,MIT
github.com/leodido/go-urn,https://github.com/leodido/go-urn/blob/v1.4.0/LICENSE,MIT
github.com/lucasb-eyer/go-colorful,https://github.com/lucasb-eyer/go-colorful/blob/v1.4.0/LICENSE,MIT
github.com/mattn/go-isatty,https://github.com/mattn/go-isatty/blob/v0.0.23/LICENSE,MIT
github.com/mattn/go-runewidth,https://github.com/mattn/go-runewidth/blob/v0.0.24/LICENSE,MIT
github.com/mdlayher/netlink,https://github.com/mdlayher/netlink/blob/v1.11.2/LICENSE.md,MIT
github.com/mdlayher/socket,https://github.com/mdlayher/socket/blob/v0.6.1/LICENSE.md,MIT
github.com/metacubex/amneziawg-go/device,https://github.com/metacubex/amneziawg-go/blob/736a78668832/LICENSE,MIT
github.com/metacubex/ascon,https://github.com/metacubex/ascon/blob/v0.1.0/LICENSE,BSD-3-Clause
github.com/metacubex/bart,https://github.com/metacubex/bart/blob/v0.29.0/LICENSE,MIT
github.com/metacubex/bbolt,https://github.com/metacubex/bbolt/blob/d4ec34ad7c48/LICENSE,MIT
github.com/metacubex/blake3,https://github.com/metacubex/blake3/blob/v0.1.0/LICENSE,MIT
github.com/metacubex/chacha,Unknown,Unknown
github.com/metacubex/chacha/chacha,Unknown,Unknown
github.com/metacubex/chacha/chachapoly1305,https://github.com/metacubex/chacha/blob/v0.1.5/chachapoly1305/LICENSE,MIT
github.com/metacubex/chacha/poly1305,https://github.com/metacubex/chacha/blob/v0.1.5/poly1305/LICENSE,MIT
github.com/metacubex/connect-ip-go,https://github.com/metacubex/connect-ip-go/blob/67ccdb0cf771/LICENSE,MIT
github.com/metacubex/cpu,https://github.com/metacubex/cpu/blob/v0.1.1/LICENSE,BSD-3-Clause
github.com/metacubex/edwards25519,https://github.com/metacubex/edwards25519/blob/v1.2.0/LICENSE,BSD-3-Clause
github.com/metacubex/fswatch,Unknown,Unknown
github.com/metacubex/gopacket,https://github.com/metacubex/gopacket/blob/7e2f98a3e759/LICENSE,BSD-3-Clause
github.com/metacubex/hkdf,https://github.com/metacubex/hkdf/blob/v0.1.0/LICENSE,BSD-3-Clause
github.com/metacubex/hpke,https://github.com/metacubex/hpke/blob/v0.1.0/LICENSE,BSD-3-Clause
github.com/metacubex/http,https://github.com/metacubex/http/blob/v0.1.7/LICENSE,BSD-3-Clause
github.com/metacubex/jls-quic-go,https://github.com/metacubex/jls-quic-go/blob/732f2fc9a34d/LICENSE,MIT
github.com/metacubex/jls-tls,https://github.com/metacubex/jls-tls/blob/67adc0e2f796/LICENSE,BSD-3-Clause
github.com/metacubex/kcp-go,https://github.com/metacubex/kcp-go/blob/550693377604/LICENSE,MIT
github.com/metacubex/mihomo,https://github.com/metacubex/mihomo/blob/v1.19.30/LICENSE,GPL-3.0
github.com/metacubex/mihomo/transport/kcptun,https://github.com/metacubex/mihomo/blob/v1.19.30/transport/kcptun/LICENSE.md,MIT
github.com/metacubex/mipstack,https://github.com/metacubex/mipstack/blob/b7038299fe13/LICENSE,MPL-2.0
github.com/metacubex/mlkem,https://github.com/metacubex/mlkem/blob/v0.1.0/LICENSE,BSD-3-Clause
github.com/metacubex/qpack,https://github.com/metacubex/qpack/blob/v0.6.0/LICENSE.md,MIT
github.com/metacubex/quic-go,https://github.com/metacubex/quic-go/blob/2548683b76f4/LICENSE,MIT
github.com/metacubex/randv2,https://github.com/metacubex/randv2/blob/v0.2.0/LICENSE,GPL-3.0
github.com/metacubex/restls-client-go,https://github.com/metacubex/restls-client-go/blob/v0.1.9/LICENSE,BSD-3-Clause
github.com/metacubex/sing-mux,Unknown,Unknown
github.com/metacubex/sing-quic,Unknown,Unknown
github.com/metacubex/sing-quic/hysteria2,Unknown,Unknown
github.com/metacubex/sing-quic/hysteria2/congestion,Unknown,Unknown
github.com/metacubex/sing-quic/hysteria2/internal/protocol,Unknown,Unknown
github.com/metacubex/sing-quic/hysteria2/internal/stun,Unknown,Unknown
github.com/metacubex/sing-quic/hysteria2/realm,Unknown,Unknown
github.com/metacubex/sing-shadowsocks,Unknown,Unknown
github.com/metacubex/sing-shadowsocks/shadowaead,Unknown,Unknown
github.com/metacubex/sing-shadowsocks/shadowaead_2022,Unknown,Unknown
github.com/metacubex/sing-shadowsocks/shadowimpl,Unknown,Unknown
github.com/metacubex/sing-shadowsocks/shadowstream,Unknown,Unknown
github.com/metacubex/sing-shadowsocks2,Unknown,Unknown
github.com/metacubex/sing-shadowsocks2/cipher,Unknown,Unknown
github.com/metacubex/sing-shadowsocks2/internal/legacykey,Unknown,Unknown
github.com/metacubex/sing-shadowsocks2/internal/shadowio,Unknown,Unknown
github.com/metacubex/sing-shadowsocks2/shadowaead,Unknown,Unknown
github.com/metacubex/sing-shadowsocks2/shadowaead_2022,Unknown,Unknown
github.com/metacubex/sing-shadowsocks2/shadowstream,Unknown,Unknown
github.com/metacubex/sing-vmess,Unknown,Unknown
github.com/metacubex/sing-vmess/packetaddr,Unknown,Unknown
github.com/metacubex/sing-wireguard,https://github.com/metacubex/sing-wireguard/blob/110eac03c3f0/LICENSE,GPL-3.0
github.com/metacubex/sing/common,Unknown,Unknown
github.com/metacubex/sing/common/atomic,Unknown,Unknown
github.com/metacubex/sing/common/auth,Unknown,Unknown
github.com/metacubex/sing/common/baderror,Unknown,Unknown
github.com/metacubex/sing/common/batch,Unknown,Unknown
github.com/metacubex/sing/common/binary,Unknown,Unknown
github.com/metacubex/sing/common/buf,Unknown,Unknown
github.com/metacubex/sing/common/bufio,Unknown,Unknown
github.com/metacubex/sing/common/cache,Unknown,Unknown
github.com/metacubex/sing/common/canceler,Unknown,Unknown
github.com/metacubex/sing/common/control,Unknown,Unknown
github.com/metacubex/sing/common/debug,Unknown,Unknown
github.com/metacubex/sing/common/exceptions,Unknown,Unknown
github.com/metacubex/sing/common/format,Unknown,Unknown
github.com/metacubex/sing/common/logger,Unknown,Unknown
github.com/metacubex/sing/common/metadata,Unknown,Unknown
github.com/metacubex/sing/common/network,Unknown,Unknown
github.com/metacubex/sing/common/pipe,Unknown,Unknown
github.com/metacubex/sing/common/random,Unknown,Unknown
github.com/metacubex/sing/common/replay,Unknown,Unknown
github.com/metacubex/sing/common/rw,Unknown,Unknown
github.com/metacubex/sing/common/task,Unknown,Unknown
github.com/metacubex/sing/common/udpnat,Unknown,Unknown
github.com/metacubex/sing/common/uot,Unknown,Unknown
github.com/metacubex/sing/common/x/constraints,Unknown,Unknown
github.com/metacubex/sing/common/x/list,Unknown,Unknown
github.com/metacubex/smux,https://github.com/metacubex/smux/blob/d0c8756d3141/LICENSE,MIT
github.com/metacubex/ssh,https://github.com/metacubex/ssh/blob/v0.1.0/LICENSE,BSD-3-Clause
github.com/metacubex/tfo-go,https://github.com/metacubex/tfo-go/blob/376a77860b8c/LICENSE,MIT
github.com/metacubex/tls,https://github.com/metacubex/tls/blob/v0.1.8/LICENSE,BSD-3-Clause
github.com/metacubex/utls,https://github.com/metacubex/utls/blob/v1.8.7/LICENSE,BSD-3-Clause
github.com/metacubex/utls/dicttls,https://github.com/metacubex/utls/blob/v1.8.7/dicttls/LICENSE,BSD-3-Clause
github.com/metacubex/wireguard-go,https://github.com/metacubex/wireguard-go/blob/a6cecdd7f57f/LICENSE,MIT
github.com/metacubex/yamux,https://github.com/metacubex/yamux/blob/dd5f17c0be49/LICENSE,MPL-2.0
github.com/metacubex/zerotier-go,https://github.com/metacubex/zerotier-go/blob/13fa6f45da5f/LICENSE,MPL-2.0
github.com/miekg/dns,https://github.com/miekg/dns/blob/v1.1.72/LICENSE,BSD-3-Clause
github.com/modern-go/concurrent,https://github.com/modern-go/concurrent/blob/bacd9c7ef1dd/LICENSE,Apache-2.0
github.com/modern-go/reflect2,https://github.com/modern-go/reflect2/blob/v1.0.2/LICENSE,Apache-2.0
github.com/mroth/weightedrand/v2,https://github.com/mroth/weightedrand/blob/v2.1.0/LICENSE.txt,MIT
github.com/muesli/termenv,https://github.com/muesli/termenv/blob/v0.16.0/LICENSE,MIT
github.com/oasisprotocol/deoxysii,https://github.com/oasisprotocol/deoxysii/blob/2091330c22b7/LICENSE,MIT
github.com/openacid/low/bitmap,https://github.com/openacid/low/blob/v0.1.21/LICENSE,MIT
github.com/pelletier/go-toml/v2,https://github.com/pelletier/go-toml/blob/v2.4.3/LICENSE,MIT
github.com/pierrec/lz4/v4,https://github.com/pierrec/lz4/blob/v4.1.27/LICENSE,BSD-3-Clause
github.com/quic-go/qpack,https://github.com/quic-go/qpack/blob/v0.6.0/LICENSE.md,MIT
github.com/quic-go/quic-go,https://github.com/quic-go/quic-go/blob/v0.60.0/LICENSE,MIT
github.com/rasky/go-lzo,https://github.com/rasky/go-lzo/blob/96a758eda86e/LICENSE.gpl,GPL-2.0
github.com/remyoudompheng/bigfft,https://github.com/remyoudompheng/bigfft/blob/24d4a6f8daec/LICENSE,BSD-3-Clause
github.com/rivo/uniseg,https://github.com/rivo/uniseg/blob/v0.4.7/LICENSE.txt,MIT
github.com/robfig/cron/v3,https://github.com/robfig/cron/blob/v3.0.1/LICENSE,MIT
github.com/sagikazarmark/locafero,https://github.com/sagikazarmark/locafero/blob/v0.12.0/LICENSE,MIT
github.com/samber/lo,https://github.com/samber/lo/blob/v1.53.0/LICENSE,MIT
github.com/sina-ghaderi/poly1305,https://github.com/sina-ghaderi/poly1305/blob/c5926b03988b/LICENSE,GPL-3.0
github.com/sina-ghaderi/rabaead,https://github.com/sina-ghaderi/rabaead/blob/ab6e06b96e8c/LICENSE,GPL-3.0
github.com/sina-ghaderi/rabbitio,https://github.com/sina-ghaderi/rabbitio/blob/9ce26f4f872e/LICENSE,Apache-2.0
github.com/sirupsen/logrus,https://github.com/sirupsen/logrus/blob/v1.9.4/LICENSE,MIT
github.com/spf13/afero,https://github.com/spf13/afero/blob/v1.15.0/LICENSE.txt,Apache-2.0
github.com/spf13/cast,https://github.com/spf13/cast/blob/v1.10.0/LICENSE,MIT
github.com/spf13/cobra,https://github.com/spf13/cobra/blob/v1.10.2/LICENSE.txt,Apache-2.0
github.com/spf13/pflag,https://github.com/spf13/pflag/blob/v1.0.10/LICENSE,BSD-3-Clause
github.com/spf13/viper,https://github.com/spf13/viper/blob/v1.21.0/LICENSE,MIT
github.com/subosito/gotenv,https://github.com/subosito/gotenv/blob/v1.6.0/LICENSE,MIT
github.com/u-root/uio,https://github.com/u-root/uio/blob/d2acac8f3701/LICENSE,BSD-3-Clause
github.com/ugorji/go/codec,https://github.com/ugorji/go/blob/codec/v1.3.1/codec/LICENSE,MIT
github.com/vmihailenco/msgpack/v5,https://github.com/vmihailenco/msgpack/blob/v5.4.1/LICENSE,BSD-2-Clause
github.com/vmihailenco/tagparser/v2,https://github.com/vmihailenco/tagparser/blob/v2.0.0/LICENSE,BSD-2-Clause
github.com/xo/terminfo,https://github.com/xo/terminfo/blob/abceb7e1c41e/LICENSE,MIT
github.com/yosida95/uritemplate/v3,https://github.com/yosida95/uritemplate/blob/v3.0.2/LICENSE,BSD-3-Clause
gitlab.com/go-extension/aes-ccm,https://gitlab.com/go-extension/aes-ccm/-/blob/e58665ef23c7/LICENSE,MIT
gitlab.com/yawning/bsaes.git,https://gitlab.com/yawning/bsaes/-/blob/0a714cd429ec/LICENSE.txt,MIT
go.mongodb.org/mongo-driver/v2,https://github.com/mongodb/mongo-go-driver/blob/v2.8.0/LICENSE,Apache-2.0
go.yaml.in/yaml/v3,https://github.com/yaml/go-yaml/blob/v3.0.4/LICENSE,MIT
go4.org/netipx,https://github.com/go4org/netipx/blob/fdeea329fbba/LICENSE,BSD-3-Clause
golang.org/x/crypto,https://cs.opensource.google/go/x/crypto/+/v0.54.0:LICENSE,BSD-3-Clause
golang.org/x/exp,https://cs.opensource.google/go/x/exp/+/764159d7:LICENSE,BSD-3-Clause
golang.org/x/net,https://cs.opensource.google/go/x/net/+/v0.57.0:LICENSE,BSD-3-Clause
golang.org/x/sync,https://cs.opensource.google/go/x/sync/+/v0.22.0:LICENSE,BSD-3-Clause
golang.org/x/sys,https://cs.opensource.google/go/x/sys/+/v0.47.0:LICENSE,BSD-3-Clause
golang.org/x/text,https://cs.opensource.google/go/x/text/+/v0.40.0:LICENSE,BSD-3-Clause
golang.org/x/time/rate,https://cs.opensource.google/go/x/time/+/v0.15.0:LICENSE,BSD-3-Clause
google.golang.org/protobuf,https://github.com/protocolbuffers/protobuf-go/blob/v1.36.11/LICENSE,BSD-3-Clause
gopkg.in/yaml.v3,https://github.com/go-yaml/yaml/blob/v3.0.1/LICENSE,MIT
gorm.io/gorm,https://github.com/go-gorm/gorm/blob/v1.31.2/LICENSE,MIT
modernc.org/libc,https://gitlab.com/cznic/libc/-/blob/v1.74.3/LICENSE,BSD-3-Clause
modernc.org/mathutil,https://gitlab.com/cznic/mathutil/-/blob/v1.7.1/LICENSE,BSD-3-Clause
modernc.org/memory,https://gitlab.com/cznic/memory/-/blob/v1.11.0/LICENSE,BSD-3-Clause
modernc.org/sqlite/lib,https://gitlab.com/cznic/sqlite/-/blob/v1.54.0/LICENSE,BSD-3-Clause
